Caso,Radio,Angulo,Num_Ag,Radio_Ag,Factor_H,Masa,E_max,SEA,F_max,F_media,CFE,Estado,Error
1,50.03,0.00,2,4.80,0.64,0.000521242984907482,10.482938,20111.4227021409,364.6328591308594,167.5346273563174,0.45946113511451964,OK,
2,51.28,0.00,8,3.89,0.65,0.0,0.0,0.0,0.0,0.0,0.0,ERROR,No existe ALLIE en caso_002.odb
3,44.28,0.00,2,3.63,0.80,0.000461712709221798,10.438882,22609.0419247813,337.13094750976563,145.4661861992427,0.4314827436452686,OK,
4,46.35,0.00,8,3.27,0.67,0.000481783766902711,10.362782,21509.1970960753,347.0344580078125,161.62393904571758,0.46572879239006026,OK,
5,25.29,0.00,0,0.00,0.00,0.000264094719167666,10.087393,38196.1177860425,222.43078491210937,131.5368008923423,0.5913605931135718,OK,
6,43.72,0.00,6,3.79,0.79,0.000454302842138253,10.382705,22854.1493404092,333.82464038085936,156.95778590470286,0.47018034895695615,OK,
7,27.70,0.00,4,4.84,0.67,0.000286815260909886,10.566479,36840.7140069157,213.29892553710937,118.26629351310348,0.5544626782122619,OK,
8,26.60,0.00,6,5.11,0.68,0.000273684401507088,10.381112,37930.9596850778,196.88081640625,125.42440358161791,0.6370575146479142,OK,
9,49.05,0.00,2,4.02,0.84,0.000511368390418183,10.453627,20442.4583057457,358.9649150390625,161.45376444576277,0.4497758908504844,OK,
10,53.51,0.00,6,4.37,0.75,0.00055579507971628,10.535108,18955.0220656468,378.3782080078125,172.50663316326953,0.4559105929263974,OK,
11,25.47,0.00,2,5.23,0.80,0.000264546212533842,10.494585,39670.1389125255,193.46426196289062,108.9529858677778,0.5631685395656002,OK,
12,50.43,0.00,4,2.48,0.83,0.000525980775247834,10.644909,20238.2092672195,367.7755974121094,181.577624709847,0.4937185228915037,OK,
13,42.54,0.00,4,4.08,0.76,0.000442492174379636,10.417693,23543.2254019077,325.6635986328125,165.1100367970903,0.5069956774114406,OK,
14,46.26,0.00,6,5.08,0.66,0.000479034863554184,10.301779,21505.2802703467,347.35403125,150.33089825806016,0.43278869606629955,OK,
15,34.49,0.00,6,3.57,0.75,0.000358170777077818,10.31818,28807.9895411407,263.8936220703125,130.97117427368534,0.49630291647893265,OK,
16,36.17,0.00,8,5.98,0.62,0.000370242124807751,10.346173,27944.3431926399,281.13304272460937,140.6206129739132,0.5001924057417239,OK,
17,50.91,0.00,6,2.49,0.78,0.000530664331664738,10.564209,19907.5166157469,370.90313134765626,179.12460590664432,0.48294174615297764,OK,
18,34.61,0.00,0,0.00,0.00,0.000361420254266229,10.280555,28444.8778911742,265.1233078613281,137.72845787216892,0.519488305208561,OK,
19,35.08,0.00,6,4.98,0.66,0.000362443571700397,10.036269,27690.5697428017,273.70315234375,140.45048156315727,0.5131489365776918,OK,
20,31.26,0.00,0,0.00,0.00,0.000326437363431445,10.295911,31540.2345239265,238.93136596679688,125.72423126652124,0.5261939166412857,OK,
21,44.14,0.00,4,5.68,0.78,0.000457569695902888,10.496452,22939.5698491093,335.6057983398438,162.36535940006777,0.48379783723418296,OK,
22,36.08,0.00,2,3.24,0.82,0.000376222841595482,10.444585,27761.698241677,278.5697822265625,122.39159286515581,0.4393570325068998,OK,
23,40.66,0.00,2,2.19,0.77,0.00042434789078467,10.339383,24365.3455679519,313.2614094238281,149.78271536431606,0.47813969693811537,OK,
24,29.49,0.00,2,4.06,0.61,0.000307093203230135,10.491513,34163.9374940437,220.66639135742187,114.20088885515435,0.5175273323348037,OK,
25,25.80,0.00,6,3.45,0.74,0.000267556067362688,10.234056,38250.1361336243,198.05371533203126,111.21294926588402,0.5615292249349565,OK,
26,32.49,0.00,2,4.29,0.61,0.000338320889586884,10.495744,31023.0444617715,245.43049389648436,118.3522336278417,0.48222301861870237,OK,
27,52.48,0.00,2,4.86,0.76,0.000546797224348551,10.64251,19463.357760602,375.0878425292969,181.87008959586524,0.48487332559081797,OK,
28,53.16,0.00,8,5.94,0.72,0.000547762397085356,10.40301,18991.829405148,372.5972155761719,161.803869701186,0.43425947091681266,OK,
29,52.22,0.00,6,3.33,0.74,0.000543578427677535,10.52072,19354.5576209679,373.0621513671875,169.18846287395607,0.45351280545056377,OK,
30,40.46,0.00,4,3.96,0.70,0.000420872204825733,10.294118,24459.0112674758,311.2762612304688,149.95219288757153,0.48173346818936186,OK,
31,39.10,1.54,6,4.95,0.79,0.00037653249116339,10.581073,28101.3544602942,289.0666818847656,124.34545271915562,0.4301618294727064,OK,
32,49.41,0.75,8,4.03,0.70,0.000498952425372412,10.495327,21034.7248881823,358.237544921875,160.53579428099636,0.4481266594097675,OK,
33,45.31,2.34,4,4.34,0.71,0.000428876718622276,10.305235,24028.4318372528,321.2999296875,145.87375393220248,0.4540111604570874,OK,
34,37.03,1.93,4,5.82,0.77,0.000348164574668435,10.700632,30734.4077443561,260.98155419921875,122.47517451817123,0.46928670838047243,OK,
35,49.92,2.81,0,0.00,0.00,0.000470607351973863,10.368664,22032.5159743273,346.7144836425781,156.83717265391343,0.45235252651168195,OK,
36,41.97,2.48,2,5.50,0.74,0.000391838811688415,10.447345,26662.3537239277,295.16988647460937,126.69875710801873,0.4292401187033604,OK,
37,42.83,1.95,8,4.97,0.66,0.000406784392385203,10.4299,25639.8726087884,307.6697294921875,143.78739233158282,0.4673433183332842,OK,
38,29.72,2.87,6,3.05,0.68,0.000256870513856592,11.854673,46150.3845732108,196.40251196289063,134.01587208662897,0.6823531468474836,OK,
39,25.95,0.31,6,3.65,0.61,0.00026325384601091,10.52607,39984.487062589,196.41849658203125,123.22693210419472,0.6273692867450028,OK,
40,43.67,1.02,2,3.33,0.78,0.0,0.0,0.0,0.0,0.0,0.0,ERROR,invalid value encountered in double_scalars
41,52.68,0.78,0,0.00,0.00,0.000535951618211071,10.458616,19514.1047151035,376.0897451171875,164.55156123474225,0.4375326989664898,OK,
42,44.64,1.47,6,3.13,0.79,0.000437972225142951,10.370536,23678.5243553176,329.0901770019531,145.73845385709976,0.4428526405278721,OK,
43,46.47,2.29,0,0.00,0.00,0.000443865128593786,10.396417,23422.4685163644,331.2022912597656,157.3281691869205,0.47502137919549076,OK,
44,47.16,1.10,6,4.17,0.80,0.000469787925946628,10.587944,22537.7099223339,347.4393193359375,161.05292746739227,0.4635426058720513,OK,
45,43.40,0.09,2,5.80,0.63,0.000449814955858788,10.491952,23325.0403601382,331.46385205078127,142.99356060398264,0.43140016541555065,OK,
46,45.60,2.75,6,5.62,0.73,0.000421569165292856,10.59481,25131.8428202404,316.87094165039065,150.50579588164874,0.4749750642888058,OK,
47,54.13,0.40,6,2.09,0.72,0.000557299773062226,10.544538,18920.7649270344,385.2719873046875,167.57432728838936,0.43495071744176744,OK,
48,52.78,2.70,4,3.76,0.78,0.000500998440220007,10.422215,20802.8891176252,364.7363874511719,158.9552142742545,0.4358084900304448,OK,
49,37.38,0.71,6,2.79,0.64,0.000376215054721493,10.501667,27913.9999003342,282.4418400878906,127.39276780868961,0.4510407090148094,OK,
50,28.52,0.39,4,3.00,0.76,0.000289783188705427,10.435763,36012.3133664881,206.2785244140625,109.67665830830151,0.531692082924482,OK,
51,47.71,1.88,2,5.36,0.70,0.000462691879623374,10.434025,22550.6983362085,341.1533889160156,141.50108008808513,0.41477260577036085,OK,
52,41.14,2.28,2,4.87,0.75,0.000387102950305039,10.493474,27107.7086644033,292.2864619140625,124.99095294949647,0.4276316875266227,OK,
53,31.34,1.42,8,2.93,0.79,0.000299686342266573,10.430889,34806.0205917614,210.97996923828126,118.72834135792259,0.562746983927325,OK,
54,34.80,2.97,6,4.83,0.75,0.000305986665799382,10.539662,34444.840831431,208.5592069091797,116.98622824732297,0.5609257437302513,OK,
55,53.33,2.59,2,3.25,0.60,0.00050963922710938,10.369277,20346.3086207344,367.81043334960935,158.94098487962754,0.43212745063311386,OK,
56,40.34,2.56,0,0.00,0.00,0.000374941555660173,10.427112,27809.966226978,281.7846806640625,151.73207059968146,0.5384681319158479,OK,
57,28.49,1.51,4,2.34,0.75,0.000269505764489327,10.378657,38509.9629303514,200.30236962890626,115.06199775593431,0.5744415204328635,OK,
58,39.90,1.61,8,5.84,0.65,0.000380340419008851,10.35746,27232.0781130521,289.61123193359373,135.7548994899576,0.4687487380361182,OK,
59,37.29,2.73,8,3.21,0.69,0.000337846085190412,10.389369,30751.7815224779,238.545484375,120.48755497510506,0.5050925834575655,OK,
60,27.14,1.63,4,2.63,0.81,0.000253077834758396,10.602094,41892.6217308656,190.30072265625,106.92264985354586,0.5618615019486066,OK,
61,28.76,1.58,4,5.71,0.79,0.000268225093155332,10.759403,40113.3349360759,182.57072277832032,115.61125989437531,0.6332409607358128,OK,
62,37.44,2.90,2,2.70,0.83,0.00033812563294057,10.529116,31139.6563118615,250.9194453125,115.4145224339006,0.4599664338097077,OK,
63,39.03,0.07,6,5.31,0.78,0.000401884644852414,10.486712,26093.8359659177,301.34942529296876,132.49938569255752,0.43968687036234766,OK,
64,50.86,2.53,8,4.73,0.81,0.000480772479280022,10.777412,22416.8654914267,356.7812346191406,161.13615254671328,0.45163853059347153,OK,
65,33.41,0.40,8,3.67,0.71,0.000338793906738006,10.409997,30726.6358484133,248.50947827148437,115.70513876794789,0.46559648176294394,OK,
66,42.37,2.68,2,5.58,0.63,0.00039237947219327,10.51805,26805.8110716334,291.80026782226565,125.9053653573941,0.431477895126822,OK,
67,53.25,1.00,6,5.67,0.63,0.000532889735223869,10.430492,19573.4526498584,379.8216083984375,147.34620524490091,0.38793528853243375,OK,
68,46.54,0.05,0,0.00,0.00,0.000485090007258189,10.374167,21386.0661831328,350.633935546875,164.64353851573213,0.4695596227984656,OK,
69,32.21,2.27,6,3.93,0.62,0.000292775862324043,10.533198,35977.0027364547,205.61136633300782,120.83733093283922,0.5876977187006835,OK,
70,41.78,0.44,4,5.17,0.71,0.000425495965382898,10.990042,25828.7807502715,316.66876342773435,167.32357271866462,0.5283867310040159,OK,
71,32.71,1.41,6,2.75,0.65,0.000314786631014931,10.531933,33457.3706832564,231.24082983398438,117.04157876191455,0.5061458170944234,OK,
72,38.61,2.55,6,3.08,0.60,0.000355551792009348,10.52624,29605.3633719929,256.1055869140625,122.57684246949398,0.47861838527804257,OK,
73,27.98,2.78,6,4.44,0.65,0.000238674331526375,11.527369,48297.4810331716,169.07831640625,124.54292784379697,0.7365990535684872,OK,
74,38.72,2.96,6,5.75,0.63,0.00034563208034186,11.075999,32045.6335796286,240.07736645507813,146.63354272666376,0.610776204736905,OK,
75,51.80,1.27,6,4.70,0.77,0.000514445879945408,10.424662,20263.8652701548,371.44914794921874,164.24788806494752,0.44218135637614125,OK,
76,44.82,0.11,6,5.51,0.77,0.000461280161890406,10.451735,22658.1064253164,338.5548776855469,166.70141802009312,0.4923911277241353,OK,
77,42.73,2.74,8,2.12,0.78,0.000395752468068833,10.426486,26345.9784619373,296.17063427734377,133.13472518173268,0.44952034325273793,OK,
78,26.24,0.82,2,3.40,0.68,0.00025849195576176,10.661265,41244.0881132331,189.487474609375,108.13750546506454,0.5706841873743267,OK,
79,53.89,1.76,4,4.64,0.67,0.000528669200678621,10.375322,19625.3573816705,377.3064187011719,156.3789364316631,0.4144613732519505,OK,
80,44.60,1.38,4,4.50,0.84,0.000438598991267576,10.64063,24260.4981129755,327.01291357421877,169.15028975904698,0.5172587464826727,OK,
81,32.58,2.13,2,5.57,0.81,0.000299971137780237,10.579956,35269.9132266219,202.44530224609375,110.73335070247359,0.546979107313962,OK,
82,31.41,2.17,2,2.13,0.74,0.000288404808099047,10.45089,36236.8785350168,210.98739428710937,116.36749662927747,0.5515376737196244,OK,
83,53.47,0.41,2,5.60,0.72,0.000549272671107965,10.595856,19290.703064885,381.4016669921875,178.6898280198217,0.4685082512328976,OK,
84,52.01,1.50,2,4.78,0.81,0.000514761196654024,10.409076,20221.1745323066,370.30925561523435,143.78888860553275,0.3882940715771225,OK,
85,34.38,0.94,8,4.25,0.83,0.000338158196510977,10.760972,31822.3012513929,251.24441967773438,144.2263782308496,0.5740480859867279,OK,
86,52.53,2.48,6,4.45,0.75,0.000500694210622015,10.453916,20878.8433703139,365.47715942382814,161.85195132053857,0.44285107057222645,OK,
87,35.54,2.02,8,5.41,0.66,0.000328395540851208,5.124293,15604.0273467713,234.51834887695313,115.35362742264515,0.49187463571632417,OK,
88,47.30,1.70,4,5.42,0.68,0.000460080634041109,10.334145,22461.5952843532,338.4890776367188,150.771214999599,0.44542416568434523,OK,
89,31.86,2.13,0,0.00,0.00,0.000294067139898413,10.31194,35066.6177919856,236.38593017578125,131.1021206077672,0.554610507107073,OK,
90,42.08,2.32,2,2.33,0.82,0.000397162053236106,10.462664,26343.5640810834,298.77289794921876,125.99390815137272,0.42170460914024205,OK,
91,40.14,2.23,2,4.01,0.77,0.000377951178020447,10.466541,27692.8386751417,286.2099191894531,122.54133218391557,0.42815194012476154,OK,
92,40.57,1.83,4,3.31,0.76,0.000389348837508962,10.292108,26434.1562333882,295.53789672851565,141.61477060286603,0.4791763498708083,OK,
93,34.74,2.16,4,5.92,0.84,0.000319961427895355,10.806529,33774.4742267319,227.5027451171875,133.07976003174323,0.5849589197844333,OK,
94,40.06,1.03,2,2.18,0.82,0.000399374483073681,10.464987,26203.4442447574,300.7861110839844,126.43599957056144,0.4203518543954925,OK,
95,30.07,1.97,4,4.38,0.69,0.000276252585786919,10.737691,38869.1058561974,199.6551008300781,113.76747357571068,0.5698200201383062,OK,
96,43.94,0.46,8,3.81,0.85,0.000447448921873438,10.528162,23529.304654304,330.1472600097656,166.32976159426758,0.503804761515657,OK,
97,39.69,0.98,4,3.17,0.69,0.000395614492047945,10.485588,26504.5598954683,297.32327685546875,127.42343520058131,0.42856864941160616,OK,
98,30.92,0.61,8,3.19,0.82,0.000309661020838382,10.426522,33670.7602777096,229.43276428222657,131.61115403168677,0.5736371369774856,OK,
99,26.11,0.71,4,4.19,0.69,0.000257903284949597,10.631435,41222.5652809259,198.21036010742188,108.91022196415925,0.5494678578109358,OK,
100,39.46,1.19,2,2.23,0.63,0.000390199783852033,10.489999,26883.6617397459,293.79284985351563,127.87658117238587,0.4352610393212252,OK,
101,39.26,0.96,8,3.08,0.71,0.000390553957208007,10.303139,26380.8337102896,294.4859130859375,137.69666012468332,0.46758318142199345,OK,
102,48.94,2.94,6,2.46,0.80,0.000457087298795013,10.459891,22883.7927187534,339.67444140625,156.35863624165484,0.46031910906905765,OK,
103,31.74,2.38,8,3.02,0.71,0.000286391166184726,10.427176,36408.8604369674,208.41692529296876,111.28593163274041,0.5339582256878003,OK,
104,47.67,0.99,2,4.15,0.70,0.000478928291357889,10.41755,21751.794972194,349.23011010742186,147.34597239276013,0.421916576286727,OK,
105,28.63,0.69,2,3.62,0.83,0.000285733271051618,10.69862,37442.6819831817,202.02434838867188,111.03537661384229,0.5496138336762401,OK,
106,42.67,1.73,2,5.36,0.68,0.000412736452433871,10.38175,25153.4603710908,310.3986015625,137.21569031073759,0.44206284957475445,OK,
107,43.53,1.14,4,3.43,0.84,0.000432645804985177,10.596474,24492.26105489,323.6433798828125,157.2775228327732,0.48595933860819757,OK,
108,30.68,1.86,4,3.98,0.62,0.000284965449554498,10.647989,37365.8947660026,205.75817016601562,112.46212650489822,0.5465742935707406,OK,
109,35.63,0.56,8,4.46,0.65,0.000357727812305322,11.341923,31705.4548454277,268.7095358886719,158.1511364082606,0.5885579604952451,OK,
110,46.67,2.09,4,5.99,0.68,0.000445801906787283,10.342219,23199.1358550533,329.74794482421873,148.2763528108249,0.44966573753740213,OK,
111,28.03,2.63,2,2.21,0.79,0.00024474290636216,11.845287,48398.8981583469,188.93642944335937,121.31012277160961,0.6420684625458998,OK,
112,51.68,2.49,6,2.27,0.74,0.000493925318058836,10.379331,21013.9683480725,359.9625068359375,159.9795040086805,0.44443379788327625,OK,
113,40.80,2.44,6,3.99,0.62,0.0003794147927648,10.509999,27700.5514819639,286.10907446289065,138.22675508531873,0.4831260782091944,OK,
114,29.94,2.17,4,4.68,0.61,0.000270992785079926,10.865786,40096.2187860289,194.88522875976562,126.03957730314153,0.6467374572472606,OK,
115,52.35,0.14,6,2.69,0.85,0.000542989472093753,10.872997,20024.3237830634,377.86225341796876,186.06296970511195,0.4924095170186268,OK,
116,43.03,0.42,6,3.70,0.73,0.000439559866829461,10.370593,23593.1298159746,330.0839541015625,161.84200039241975,0.4903055673606694,OK,
117,53.91,2.64,2,3.88,0.60,0.000514574034838063,10.34282,20099.7704893036,373.54965258789065,158.48634977645563,0.4242711743364991,OK,
118,32.99,0.95,2,4.88,0.69,0.000325988544090862,10.496509,32199.0118679579,234.55355346679687,115.66954628978635,0.493147703712621,OK,
119,33.00,0.01,6,3.75,0.63,0.000342222580582993,10.473816,30605.2744449455,249.95655297851562,128.5684374959276,0.5143631401693173,OK,
120,31.55,1.44,6,5.88,0.80,0.000297895015033285,10.469452,35144.7707133676,209.91119262695312,121.37458505275495,0.5782187387618613,OK,
121,38.85,1.62,4,2.08,0.68,0.000375861946796856,10.382489,27623.1448500731,282.75127099609375,131.73390115120148,0.465900297060102,OK,
122,46.91,1.82,6,5.60,0.73,0.000452000926837809,10.448353,23115.7778217326,337.68438598632815,154.80055097691226,0.45841785229353094,OK,
123,39.59,2.40,0,0.00,0.00,0.000369981519833719,10.344039,27958.2585763985,282.13040966796876,151.08701451447578,0.5355219052504329,OK,
124,47.87,1.93,4,3.28,0.71,0.000463840910599319,10.33155,22273.9084973139,342.00838427734374,156.27084026022953,0.4569210798455319,OK,
125,46.01,1.39,8,5.65,0.79,0.000448594433198591,10.817244,24113.6385105592,337.51974633789064,154.9240477327786,0.4590073600543783,OK,
126,37.56,0.23,4,2.43,0.69,0.000387420609203637,10.380237,26793.1977633743,287.8354270019531,135.80300578730007,0.4718078215798591,OK,
127,36.52,2.46,0,0.00,0.00,0.000336812910428208,10.319651,30639.1194651062,264.72808374023435,143.84461106470496,0.5433674018728332,OK,
128,26.02,0.92,2,5.01,0.73,0.000253670927155089,10.956205,43190.6214987798,180.70932202148438,105.0308157993182,0.5812141544465048,OK,
129,37.73,1.18,6,2.59,0.80,0.000371520022062794,10.404206,28004.4287848408,279.8244421386719,124.1160640682087,0.44354975969790666,OK,
130,28.19,1.07,4,3.82,0.72,0.000273398573212766,10.402214,38047.7991445285,203.0452236328125,103.68400279696976,0.510644874781552,OK,
131,43.19,1.27,4,3.10,0.79,0.000426969171516772,10.30482,24134.8103971839,320.2788725585938,153.12570543503497,0.4781011754280521,OK,
132,29.33,0.10,4,5.26,0.64,0.000301571684439966,10.44506,34635.413531602,212.70691577148438,124.66153689102005,0.5860718559096905,OK,
133,33.97,0.17,4,5.87,0.75,0.000348041881799447,10.593573,30437.6385543863,257.1523435058594,119.81888662903616,0.465945147516441,OK,
134,51.53,1.34,2,3.51,0.82,0.000513180084871203,10.396232,20258.4478752897,369.06065454101565,151.72621341685374,0.411114573038269,OK,
135,27.33,2.42,4,5.22,0.75,0.000238634789881986,10.718555,44916.1457359202,161.2505673828125,102.13637132229006,0.6334016244408989,OK,
136,48.89,0.34,8,3.35,0.78,0.000502009511133703,10.444864,20806.107789496,360.816193359375,166.44696538475887,0.46130680509390753,OK,
137,41.50,0.83,2,5.27,0.85,0.000416835384390944,10.415641,24987.4204302947,312.20274169921873,132.8638726644109,0.4255692052583387,OK,
138,31.96,2.15,4,4.31,0.80,0.000292810855316005,10.587563,36158.3691580484,197.20322705078124,111.09485463435011,0.5633521129232961,OK,
139,49.20,1.26,0,0.00,0.00,0.000490928982081041,10.326331,21034.2664151276,358.9951728515625,161.0936582136102,0.4487348866950345,OK,
140,33.59,2.89,4,5.49,0.79,0.000295283395319923,10.976326,37172.1748461602,195.5436368408203,117.11785860203085,0.5989346444311511,OK,
141,36.25,2.10,6,4.41,0.64,0.000337437057032658,11.042565,32724.8142130734,240.34955517578126,139.82729945186702,0.5817664166243345,OK,
142,37.15,1.95,2,2.89,0.78,0.000352158517679628,10.450337,29675.0936733186,258.18385229492185,120.63709195861246,0.46725266079309036,OK,
143,35.38,0.80,2,5.73,0.76,0.00035319973719085,10.729253,30377.2961025803,263.84710107421876,124.10686509988217,0.4703741848767616,OK,
144,27.09,0.28,2,4.28,0.69,0.000276835065797476,10.620746,38364.8869387443,198.27581469726562,110.50961940238855,0.5573529962346566,OK,
145,54.49,1.23,4,5.25,0.70,0.000543846670840843,10.396726,19117.0169046463,382.1190866699219,160.73189875374746,0.42063300253983177,OK,
146,38.05,0.76,6,5.14,0.71,0.000379385889089331,10.637486,28038.6970256959,285.8229089355469,130.0852406278052,0.45512531207615503,OK,
147,53.63,0.56,8,4.90,0.69,0.000544844421884002,10.315638,18933.180896539,378.60565283203124,156.3071973350172,0.41284961322107633,OK,
148,44.75,1.15,4,3.40,0.64,0.000445228951740966,10.408299,23377.4083183511,330.9100595703125,148.12070711934663,0.4476162112196943,OK,
149,54.62,1.07,4,2.86,0.78,0.000550115719707977,10.4296,18958.920144177,386.799630859375,164.217414331947,0.42455421678427074,OK,
150,54.74,1.79,2,4.26,0.61,0.000538311552523677,10.37872,19280.1361058353,383.98685986328127,161.23386916829247,0.4198942360311493,OK,
151,29.09,2.86,0,0.00,0.00,0.000251921265708194,10.33927,41041.6721706066,201.67917456054687,115.09602718371512,0.5706887061319349,OK,
152,30.46,2.44,4,2.11,0.62,0.000273368568623773,10.38472,37987.9810333722,201.8484865722656,114.80861476359561,0.568786106416963,OK,
153,50.64,0.37,0,0.00,0.00,0.000522083218083646,10.417265,19953.2653783386,370.19768603515627,165.68584783529892,0.44756046319415504,OK,
154,30.25,2.99,2,4.71,0.73,0.000260543372187065,10.634286,40815.7993455493,187.90289440917968,102.75045893445484,0.5468274411500238,OK,
155,44.96,0.27,6,2.85,0.64,0.000463313553358487,10.429991,22511.7329816809,338.99149560546874,147.79433574422256,0.4359824292354262,OK,
156,45.90,1.64,2,2.22,0.61,0.000449346065403474,10.378987,23097.9812645751,334.1394697265625,146.8577479277336,0.4395103279714672,OK,
157,47.48,0.69,2,2.66,0.61,0.000482906356791461,10.438911,21616.8432102623,350.77696826171876,147.22812535517022,0.419720046286852,OK,
158,25.73,0.53,2,3.48,0.73,0.000258408259582149,10.523293,40723.5164116517,190.18647680664063,104.0514147749697,0.5471020680442858,OK,
159,26.74,0.35,2,4.75,0.71,0.000271684462881898,10.51928,38718.7397042015,195.43388818359375,103.71018954340812,0.5306663573411644,OK,
160,26.41,2.06,6,3.91,0.67,0.0,0.0,0.0,0.0,0.0,0.0,ERROR,No existe ALLIE en caso_160.odb
161,29.59,2.20,4,3.53,0.76,0.000267778586898286,11.090475,41416.5864734085,194.62562182617188,115.817666616505,0.595079237408662,OK,
162,40.94,2.69,8,2.88,0.72,0.000377143790081114,10.317823,27357.7963401728,280.8785537109375,140.2086863280695,0.49917903832687566,OK,
163,38.28,1.69,4,3.59,0.72,0.000367748827343004,10.324693,28075.3933998817,276.6917565917969,127.63368964285037,0.46128475678134584,OK,
164,38.42,0.78,6,4.61,0.76,0.000383696647586612,10.272625,26772.7775695021,291.2117126464844,130.26461096642777,0.4473192708583192,OK,
165,27.71,2.58,0,0.00,0.00,0.000242557260540318,10.31282,42517.0534043271,204.97273950195313,116.13598739225672,0.5665923560101029,OK,
166,34.95,2.19,0,0.00,0.00,0.000325274232955536,10.281765,31609.5280790517,258.4486025390625,129.13505391629343,0.4996546804573094,OK,
167,48.67,1.74,6,3.04,0.69,0.000475293423719116,10.378892,21836.8096044468,347.8551943359375,156.51946287973803,0.44995580180579686,OK,
168,53.76,0.60,4,2.98,0.82,0.00054956399090682,10.675966,19426.2473099518,383.99704174804685,183.04591283308935,0.4766857369520878,OK,
169,46.78,1.12,6,5.52,0.61,0.000463408347348722,10.475103,22604.4762894988,345.686611328125,152.32393937127688,0.44064170951269876,OK,
170,47.93,0.54,6,5.38,0.81,0.000486162092275867,10.664156,21935.3918568146,353.03967529296875,163.92588841185145,0.4643270994281822,OK,
171,29.25,2.53,6,4.10,0.76,0.000256926077309459,11.983368,46641.3068128014,177.71439916992188,127.70087791263984,0.718573613106828,OK,
172,30.75,2.07,6,3.48,0.67,0.00028165570026722,10.550585,37459.1566582539,202.71740795898438,119.02202104850659,0.5871327097502559,OK,
173,33.67,2.10,6,5.04,0.76,0.000309544348048716,10.694011,34547.5892789261,220.44257092285156,121.05655667595826,0.5491523536909053,OK,
174,35.72,0.29,6,4.66,0.65,0.000364329235766676,10.17696,27933.4157155522,273.17131005859375,137.01993949132952,0.5015897879683613,OK,
175,38.33,2.24,4,5.47,0.70,0.000356570483206064,10.431353,29254.6733150979,263.35745654296875,120.71660701148858,0.4583755045181064,OK,
176,26.83,2.62,6,4.05,0.62,0.000230065211555729,10.807259,46974.7639241934,195.3175830078125,127.13062780450713,0.6508918748980324,OK,
177,52.14,1.08,8,5.71,0.80,0.000518077486148346,10.753982,20757.4779594277,372.1319326171875,161.75492528978737,0.43467090865374575,OK,
178,33.12,0.72,0,0.00,0.00,0.000332763656652019,10.193768,30633.6578416072,249.74604614257814,133.92660333750825,0.5362511455378579,OK,
179,50.31,1.97,2,5.20,0.84,0.000488328411022369,10.386744,21269.9973328486,356.5271000976563,139.24850213499565,0.3905691940300025,OK,
180,38.57,0.89,2,2.44,0.78,0.000386286618139556,10.483327,27138.7268098752,290.53124072265626,131.30246736628254,0.4519392373766271,OK,
181,53.08,0.96,0,0.00,0.00,0.000536872958956712,10.429642,19426.6480104857,383.67585546875,163.63507319024697,0.42649301710770504,OK,
182,49.18,0.02,6,4.95,0.75,0.000509367169687449,10.484769,20583.9120068015,360.5159809570313,168.11364817743376,0.4663139973189446,OK,
183,50.71,1.87,6,4.20,0.71,0.000492953373654703,10.33054,20956.4241814809,357.3736101074219,155.73203754030266,0.43576815169282257,OK,
184,35.92,1.60,0,0.00,0.00,0.00034606608322151,10.297593,29756.1462947778,267.0954392089844,143.8733576293618,0.5386589829292836,OK,
185,32.67,0.89,2,5.39,0.62,0.000323461477631965,10.545535,32602.1357387068,230.5694580078125,119.15193805038204,0.5167724254543061,OK,
186,41.81,1.21,6,4.11,0.68,0.000411997266452819,10.433357,25323.8500581042,310.0973408203125,132.86109071247975,0.42844962927130287,OK,
187,52.98,0.91,8,5.33,0.67,0.000530799280658323,10.287007,19380.2203108519,375.8245712890625,152.38740140593717,0.4054748226898917,OK,
188,25.10,1.53,2,2.31,0.73,0.000234023322231459,10.654075,45525.697603176,181.0130341796875,104.83485710894105,0.5791563993390326,OK,
189,31.62,0.63,2,5.00,0.60,0.000317427894239835,10.527154,33163.9222356626,224.8416123046875,116.86324291318789,0.5197580719836865,OK,
190,29.17,1.15,6,5.06,0.66,0.000279696253306512,11.114153,39736.5101198559,188.16082568359374,126.03104575026072,0.6698049144522313,OK,
191,35.14,1.21,4,5.54,0.65,0.000341770187083908,10.473944,30646.1604780892,254.3696525878906,121.77560376366496,0.4787347960920325,OK,
192,42.96,0.14,4,2.38,0.78,0.000445474606127481,10.432698,23419.2877809392,327.8401687011719,165.62063047125417,0.505187119465578,OK,
193,54.00,0.52,4,4.09,0.78,0.000552701579405698,10.613735,19203.3737472084,386.5678046875,180.8164952723613,0.46774845985565894,OK,
194,52.82,0.19,4,3.86,0.72,0.000546565155443787,10.511957,19232.7609897941,378.2575693359375,167.62115449847497,0.44314025174102345,OK,
195,49.58,1.03,4,5.29,0.71,0.00049613047049627,11.493838,23166.9665209293,357.69783740234374,176.3253730062127,0.4929450350796484,OK,
196,32.03,2.03,2,4.74,0.77,0.000296477896766116,10.441732,35219.2595599705,206.1795322265625,116.71451251056291,0.5660819541597852,OK,
197,41.37,0.32,6,3.26,0.71,0.000424522198032268,10.38243,24456.7423049355,316.7467575683594,160.74760464036922,0.5074956595433407,OK,
198,32.32,1.49,4,3.00,0.67,0.000309509038263222,10.407357,33625.3734572657,229.42558813476563,118.0971176611446,0.5147512909143064,OK,
199,47.56,2.91,8,3.78,0.65,0.000441158232349528,10.461644,23714.0400719334,327.5031408691406,149.39551387160827,0.4561651331805143,OK,
200,35.85,2.79,4,2.02,0.61,0.000323436528894871,10.318474,31902.6240952329,236.59037316894532,129.3718044000455,0.5468177029657213,OK,
201,32.83,2.24,2,4.53,0.69,0.000301145038199041,10.573185,35109.9425819251,215.33999536132814,111.37101715790149,0.5171868652222609,OK,
202,34.01,0.58,8,5.44,0.79,0.000338420238044875,12.369241,36549.9447416611,252.45475024414063,144.823774926967,0.5736623089362063,OK,
203,26.97,2.71,6,4.31,0.66,0.000229559634397645,11.10838,48389.9533519817,179.09543627929688,119.41032661950193,0.6667413145764539,OK,
204,25.51,2.20,2,2.50,0.83,0.000226116047021859,10.683468,47247.7214276048,190.2071745605469,117.4153834171006,0.617302600116826,OK,
205,41.02,3.00,8,3.19,0.74,0.00037201747564824,10.492524,28204.384704554,272.76046313476564,126.3106809427593,0.46308280713085476,OK,
206,27.49,1.05,8,3.95,0.70,0.000264715619253693,11.162154,42166.586284063,180.5383162841797,125.10147558714284,0.6929358717970125,OK,
207,37.68,1.71,0,0.00,0.00,0.000362465125948841,10.298121,28411.3429479378,276.8292138671875,146.45154650269495,0.5290321222129288,OK,
208,48.32,1.88,0,0.00,0.00,0.000470565395557445,10.383878,22066.8117503604,346.0191547851563,159.37524216564788,0.46059658825709854,OK,
209,45.67,1.76,4,4.56,0.77,0.000442866929037867,10.383438,23445.9547985624,332.62198388671874,154.20676522014597,0.4636096610880183,OK,
210,49.80,1.98,2,2.97,0.81,0.000483771117738732,10.45351,21608.3797000167,354.0537961425781,146.95917578814104,0.41507583703172696,OK,
211,32.11,0.68,2,5.46,0.82,0.0,0.0,0.0,0.0,0.0,0.0,ERROR,No existe ALLIE en caso_211.odb
212,51.15,0.86,4,2.32,0.68,0.000517962670173856,10.418343,20114.0808014273,370.0018479003906,162.99412432814492,0.440522460233834,OK,
213,25.39,1.67,6,2.92,0.61,0.000233457313476925,10.614526,45466.6672973993,180.25687573242186,101.97067296603008,0.5656964404364696,OK,
214,47.37,0.46,2,2.53,0.73,0.000485965899698292,10.389125,21378.3004248858,351.3872438964844,164.91400706779226,0.4693226915100381,OK,
215,26.56,0.45,4,5.02,0.62,0.000266531790880898,10.552489,39591.858686439,191.6903212890625,115.10428530831214,0.6004699900040273,OK,
216,46.11,0.36,4,4.53,0.76,0.000472815824390149,10.476819,22158.3510101704,345.2820849609375,167.4936241701064,0.4850921361560224,OK,
217,40.22,0.27,4,4.42,0.65,0.000413047012094392,10.344814,25045.1248819007,308.02670458984375,156.06747551729867,0.5066686530478323,OK,
218,28.28,2.37,4,3.72,0.76,0.000250869019695867,10.499018,41850.5960310609,195.9456767578125,115.48389688219521,0.589366904098285,OK,
219,44.47,2.66,2,5.43,0.68,0.000414778220430947,10.439407,25168.6479322701,310.02642797851564,134.56028714639413,0.4340284408131779,OK,
220,42.26,1.67,4,3.54,0.80,0.000409726686036003,10.38444,25344.7977735273,310.22705859375,155.79317147863392,0.5021907894973434,OK,
221,51.41,1.09,0,0.00,0.00,0.000517081813706294,10.367988,20050.9623915899,377.17097607421874,162.34243304353822,0.4304213296931758,OK,
222,39.39,0.64,6,4.77,0.80,0.000396132023790512,10.477844,26450.3836365955,300.3576857910156,143.06487735058232,0.47631502078533366,OK,
223,48.55,1.23,6,2.74,0.64,0.000483505277626384,10.302774,21308.5037056435,353.23057177734376,156.71517031095573,0.4436625332921069,OK,
224,33.24,0.65,4,4.60,0.63,0.000333078405023339,10.53474,31628.4089305094,244.45418676757814,126.00811980914044,0.5154672189310723,OK,
225,36.37,1.31,0,0.00,0.00,0.000356012324374757,10.304396,28943.9305734626,270.86024780273436,143.16382911099822,0.5285523817997222,OK,
226,45.24,2.93,2,3.90,0.83,0.000418731538867361,10.513781,25108.6436632861,314.4082241210937,126.6642150632925,0.4028654638960971,OK,
227,27.30,2.38,0,0.00,0.00,0.000241890576206332,10.310477,42624.5501652168,203.47300146484375,115.60860760890941,0.5681766464180477,OK,
228,34.19,1.59,0,0.00,0.00,0.000328174121762202,10.335943,31495.3017760783,252.4747922363281,141.70341419344146,0.561257672254268,OK,
229,30.57,1.83,4,5.84,0.62,0.000282451588376515,10.654954,37723.1158841872,188.91866345214845,118.51678900779412,0.6273429360663111,OK,
230,28.83,2.29,2,2.56,0.77,0.000259167298162964,5.0733125,19575.434616793,193.37461352539063,109.9597901488985,0.5686361210721204,OK,
231,34.55,1.56,6,5.63,0.73,0.000327512542409617,10.408534,31780.5660919762,241.37629541015625,129.89659193337238,0.5381497454530358,OK,
232,45.48,2.01,2,5.78,0.84,0.000436808340314494,10.44228,23905.8622197593,326.82971923828126,133.08660066815565,0.40720470885674387,OK,
233,37.91,2.69,2,2.60,0.70,0.000346846993263717,10.513146,30310.6159320418,255.2996181640625,121.35188171238157,0.47533123075177314,OK,
234,54.52,1.91,4,3.50,0.63,0.000533527089361813,10.36099,19419.8011808425,381.5573820800781,160.07504299383243,0.4195307193931769,OK,
235,49.68,0.21,4,5.96,0.67,0.000511257661185035,10.400013,20342.0188870989,363.02180712890623,156.38922876871405,0.43079844157456204,OK,
236,28.38,0.88,8,4.93,0.70,0.000275279407039463,4.6650375,16946.5545940065,186.31894104003905,110.21621185100888,0.5915459332034522,OK,
237,30.80,0.16,2,3.83,0.82,0.000317952927388339,10.463728,32909.6765547936,224.92415478515625,113.70830014060007,0.5055406354609282,OK,
238,50.15,1.80,8,2.71,0.84,0.00048959023708659,10.493147,21432.5086677416,357.0001591796875,160.47215835110225,0.44950164369627754,OK,
239,39.78,2.25,4,2.91,0.69,0.000373784037435517,10.307531,27576.1668976519,279.076060546875,144.65002047241455,0.5183175518135079,OK,
240,50.59,0.73,6,2.06,0.84,0.00051436534550549,10.498294,20410.189161719,367.0965842285156,164.5005655803884,0.44811249313610535,OK,
241,36.91,1.36,6,2.01,0.79,0.00036011530086504,10.430495,28964.3205244118,269.5364672851563,121.31292105651866,0.4500798065598136,OK,
242,27.81,1.32,8,2.26,0.77,0.000265351763939679,11.431489,43080.5087943514,192.1827470703125,126.84080337135805,0.6600009902291163,OK,
243,47.01,2.91,6,5.12,0.64,0.000434285314689624,10.068379,23183.788766138,321.3654313964844,145.22458811321067,0.45189859868294274,OK,
244,51.88,1.37,2,5.74,0.72,0.000515218154917141,10.408988,20203.0691284045,368.8789794921875,162.64989362117382,0.44093023095293665,OK,
245,46.89,2.77,2,3.14,0.66,0.000439129905118608,10.316968,23494.1138823451,326.55771337890627,153.8523276066851,0.47113365051086575,OK,
246,50.27,0.85,8,4.13,0.63,0.00050595277141239,10.357268,20470.8197784691,366.3852370605469,154.36416863682706,0.42131656252109756,OK,
247,54.98,0.49,6,5.34,0.81,0.00056076021376183,10.697165,19076.183968614,387.41508325195315,171.6977224775661,0.4431880169360971,OK,
248,31.19,1.57,0,0.00,0.00,0.000297196166781943,10.331154,34762.07015678,233.60728857421876,135.27358664002819,0.5790640671600911,OK,
249,35.43,1.65,4,3.59,0.63,0.000338697362907178,10.434707,30808.3502937095,244.02414526367187,120.18413037504257,0.4925091746359023,OK,
250,48.73,1.12,8,2.43,0.79,0.000487315034845954,10.3445,21227.5412419197,355.4475400390625,160.14628316543985,0.45054829510942823,OK,
251,42.10,1.04,0,0.00,0.00,0.000420748057261616,10.339776,24574.7444855601,313.65179931640625,158.70233174409756,0.5059825325089289,OK,
252,25.65,2.34,2,2.25,0.82,0.000225105410578145,10.79036,47934.6985587187,177.707603515625,109.98900820150705,0.6189324824913089,OK,
253,41.66,0.06,6,2.57,0.82,0.000432913059920866,10.540216,24347.1887910397,319.18579443359374,157.38472505106776,0.4930818595180666,OK,
254,45.19,1.84,0,0.00,0.00,0.00043858253869418,10.315497,23520.0813755901,327.66220068359377,157.39382820846245,0.4803539373174431,OK,
255,48.09,1.16,2,3.31,0.66,0.000480568883245156,10.377641,21594.4921983348,350.6402756347656,152.80712864867456,0.4357945714366302,OK,
256,37.86,2.67,0,0.00,0.00,0.000347037294927311,10.37448,29894.4238894353,273.8027985839844,147.29025485829217,0.5379428392259964,OK,
257,41.42,2.82,0,0.00,0.00,0.000381558291401958,10.439622,27360.4904813934,296.8981608886719,152.08572348753125,0.5122487893906454,OK,
258,43.31,2.83,6,3.60,0.69,0.000399109315782286,10.404213,26068.5796812508,297.55456201171876,146.27505376738824,0.4915906944207006,OK,
259,33.77,0.49,2,2.88,0.75,0.000343297023308633,10.363174,30187.1944595431,251.82882177734376,120.77909418404955,0.4796079071951393,OK,
260,49.83,2.51,6,2.65,0.82,0.000473936978978162,10.538452,22235.9774979399,351.33941674804686,158.4904301647707,0.4511034703471021,OK,
261,31.07,1.33,0,0.00,0.00,0.000300289397971373,10.291061,34270.4773112937,234.1205710449219,129.02382156500087,0.551099892628591,OK,
262,42.48,0.62,6,5.79,0.81,0.000427077563811008,10.371952,24285.8742272629,322.22645361328125,156.1946205371585,0.4847355603044771,OK,
263,51.06,1.72,6,4.64,0.72,0.00049869781491966,10.373159,20800.4901759417,361.00842456054687,157.784785738175,0.4370667690933954,OK,
264,40.87,0.02,6,2.40,0.67,0.00042552453145583,10.362352,24351.9497325987,313.78687744140626,149.33223252198388,0.4759033702735668,OK,
265,29.88,0.50,2,4.81,0.62,0.000301716857888051,10.495859,34787.114891321,212.49079565429687,113.28196947177898,0.5331147126771477,OK,
266,36.68,1.37,4,3.69,0.68,0.000356742847936068,10.468983,29346.020699695,265.7694670410156,124.4781225108031,0.4683687855369506,OK,
267,33.89,2.21,4,3.84,0.65,0.000312295983156248,10.545276,33766.9280706822,229.0308896484375,118.85447941811292,0.5189451938144876,OK,
268,51.35,0.55,4,5.18,0.85,0.000523427976109519,10.656551,20359.1544326822,370.3666435546875,179.7027724750408,0.4852023679840549,OK,
269,35.24,2.80,8,4.61,0.72,0.00031286627958227,10.675368,34121.1843419286,249.9131484375,138.8657084019407,0.5556558719305207,OK,
270,34.23,0.03,2,4.57,0.84,0.000355814849623057,10.447215,29361.3799735103,261.0953818359375,121.83315092342613,0.466623155364661,OK,
271,36.50,2.30,0,0.00,0.00,0.000339488332740185,10.293825,30321.5869509071,269.4617734375,144.67366186089876,0.5368986480542662,OK,
272,36.85,1.24,4,3.16,0.74,0.000361250272309136,10.408534,28812.5291462563,271.14652368164064,120.5222166587271,0.44449110031827294,OK,
273,49.33,0.12,6,2.80,0.74,0.000511722082243497,10.476533,20473.0914758822,361.75951806640626,167.0504837651355,0.46177218683288646,OK,
274,38.94,0.83,0,0.00,0.00,0.000391549498886205,10.324349,26367.9280125973,293.7275444335938,156.9232767366539,0.534247739820435,OK,
275,45.80,0.80,4,4.21,0.65,0.000461886245939012,10.432281,22586.2560137318,340.0594201660156,148.02158830334412,0.43528154059393676,OK,
276,25.13,0.66,6,5.16,0.83,0.000246240273186168,10.845334,44043.7051976485,173.33529943847657,108.07921146848686,0.6235268397066944,OK,
277,43.85,1.77,6,5.92,0.66,0.000420353843245717,10.187115,24234.6184379838,316.09165600585936,141.89318711546784,0.4488988697406096,OK,
278,54.40,0.25,2,2.37,0.74,0.000563235967935878,10.628778,18870.9148653128,387.38571215820315,184.2304427137232,0.475573664519888,OK,
279,44.03,2.79,0,0.00,0.00,0.000409384914516647,10.423002,25460.1516333504,320.5195886230469,154.40998678675646,0.4817489859203371,OK,
280,45.93,0.38,6,3.75,0.85,0.000470512814630518,10.638773,22611.0164679667,342.0722451171875,173.9539291318318,0.5085297963073224,OK,
281,51.97,2.94,2,5.76,0.73,0.000487985852147559,10.362455,21235.1545734292,359.20124951171874,156.436188574374,0.4355112594597763,OK,
282,39.94,0.84,4,3.38,0.81,0.00040061894366441,10.362761,25866.8771506738,301.35415087890624,146.37265778576423,0.4857164149186764,OK,
283,30.36,1.28,2,2.16,0.83,0.00029353568125619,10.557763,35967.562630948,210.34439282226563,111.31507317937083,0.5292039007354408,OK,
284,45.01,1.53,6,3.05,0.61,0.000440832187689352,10.327108,23426.3928279152,330.2178642578125,148.70807784615707,0.45033323130591,OK,
285,38.15,2.40,4,5.09,0.83,0.000352225402911731,10.768252,30572.0482139631,257.7216472167969,143.53037148286134,0.5569201230586688,OK,
286,27.54,1.35,2,2.55,0.62,0.000262714711691707,10.651072,40542.3507934299,198.73614111328126,109.5891766034035,0.5514305349268946,OK,
287,33.30,0.16,0,0.00,0.00,0.000344825575367334,10.30743,29891.7213116219,255.01011547851562,127.68664097517181,0.5007120628747345,OK,
288,30.10,1.91,4,4.83,0.72,0.000277218789449527,10.597799,38229.0068470613,196.07778515625,110.9032734774628,0.5656085588129551,OK,
289,48.14,1.90,2,2.13,0.81,0.000468088102756818,10.468346,22364.0505672893,345.225919921875,143.53986065602396,0.41578529413002124,OK,
290,44.30,2.56,2,3.42,0.83,0.000415725069744534,10.519379,25303.6917077534,314.03740771484377,127.24988671287065,0.4052061429204565,OK,
291,28.99,1.80,6,2.05,0.67,0.000269390150474427,10.564528,39216.4597755138,202.25899584960936,111.32543311694258,0.5504102927501882,OK,
292,48.27,2.76,2,4.49,0.66,0.000453198871001996,10.342406,22820.8997456979,335.53152905273436,154.4641625384957,0.4603566257232986,OK,
293,29.66,0.64,2,5.56,0.81,0.000296468571196271,10.506607,35439.1932932557,205.8039230957031,110.42178198280008,0.5365387613697318,OK,
294,41.22,2.12,8,4.57,0.64,0.000387696182692025,10.212976,26342.7303541776,295.6747407226562,144.73922788780416,0.48952178848300737,OK,
295,36.78,2.57,0,0.00,0.00,0.000337548401035243,10.342466,30639.9496139819,266.4354250488281,145.30414788301388,0.5453634698028043,OK,
296,48.41,1.48,8,2.79,0.64,0.000477082554492168,10.349345,21692.9856322589,349.61082104492186,157.91007571927,0.4516738791073631,OK,
297,54.89,0.10,4,4.23,0.63,0.000569507064815156,10.661368,18720.3437124355,391.54474926757814,188.6955452052156,0.48192587324485553,OK,
298,43.23,0.22,0,0.00,0.00,0.000447429518922075,10.330092,23087.6407638163,334.1196389160156,163.54097236984947,0.48946830213400644,OK,
299,54.21,1.17,4,4.91,0.75,0.000542365116622202,10.510761,19379.4930349872,383.9299482421875,167.5013135372912,0.43628092651847367,OK,
300,26.32,1.61,4,2.62,0.73,0.000244879406585877,10.50594,42902.5051410996,193.34687158203124,106.17317060191718,0.5491331187992411,OK,
